observed_on,city_code,property_type,active_n,new_n,median_price,median_unit_price,n_priced
2026-10-08,47201,all,2425,3,39900000,413402,2233
2026-10-08,47201,commercial,17,0,,,17
2026-10-08,47201,house,348,2,54900000,501208,335
2026-10-08,47201,invest,322,0,85500000,335586,204
2026-10-08,47201,land,760,1,33000000,194640,760
2026-10-08,47201,mansion,808,0,36900000,551268,807
2026-10-08,47201,other,332,0,98000000,332950,215
2026-10-08,47205,all,800,0,42900000,470857,765
2026-10-08,47205,commercial,3,0,,,3
2026-10-08,47205,house,379,0,45800000,491323,378
2026-10-08,47205,invest,61,0,104000000,293945,42
2026-10-08,47205,land,179,0,29800000,142355,179
2026-10-08,47205,mansion,146,0,32900000,489870,143
2026-10-08,47205,other,62,0,95500000,272544,40
2026-10-08,47207,all,379,1,35000000,82631,371
2026-10-08,47207,house,98,0,41230000,461703,93
2026-10-08,47207,invest,5,0,,,4
2026-10-08,47207,land,230,1,22700000,30251,230
2026-10-08,47207,mansion,27,0,,,27
2026-10-08,47207,other,23,0,,,21
2026-10-08,47208,all,723,1,44800000,490751,685
2026-10-08,47208,commercial,7,0,,,7
2026-10-08,47208,house,252,0,49900000,526316,247
2026-10-08,47208,invest,70,0,81900000,289260,54
2026-10-08,47208,land,177,0,34950000,168358,177
2026-10-08,47208,mansion,170,0,38000000,630305,169
2026-10-08,47208,other,80,1,97980000,285178,56
2026-10-08,47209,all,931,1,34775000,75629,882
2026-10-08,47209,commercial,6,0,,,4
2026-10-08,47209,house,194,0,36900000,388380,186
2026-10-08,47209,invest,62,0,53800000,280681,42
2026-10-08,47209,land,581,0,19750000,45371,580
2026-10-08,47209,mansion,45,1,39800000,499630,44
2026-10-08,47209,other,76,0,68500000,338423,51
2026-10-08,47210,all,774,2,33800000,317460,757
2026-10-08,47210,commercial,4,0,,,3
2026-10-08,47210,house,302,0,34800000,370370,296
2026-10-08,47210,invest,21,0,,,15
2026-10-08,47210,land,385,2,14640000,45376,385
2026-10-08,47210,mansion,45,0,47900000,620225,45
2026-10-08,47210,other,23,0,,,19
2026-10-08,47211,all,1546,7,36800000,317657,1355
2026-10-08,47211,commercial,9,0,,,6
2026-10-08,47211,house,459,3,38900000,390014,454
2026-10-08,47211,invest,228,1,53000000,304088,124
2026-10-08,47211,land,580,1,23980000,96875,580
2026-10-08,47211,mansion,133,1,34900000,569678,127
2026-10-08,47211,other,238,1,65000000,314560,126
2026-10-08,47212,all,632,3,44900000,448538,623
2026-10-08,47212,commercial,2,0,,,1
2026-10-08,47212,house,243,2,45800000,458340,239
2026-10-08,47212,invest,20,0,,,19
2026-10-08,47212,land,207,1,28280000,99363,207
2026-10-08,47212,mansion,147,0,44900000,497573,147
2026-10-08,47212,other,17,0,,,13
2026-10-08,47213,all,1298,4,33880000,290856,1217
2026-10-08,47213,commercial,8,0,,,7
2026-10-08,47213,house,479,2,34800000,355066,476
2026-10-08,47213,invest,125,1,63800000,281507,81
2026-10-08,47213,land,587,0,18260000,49898,587
2026-10-08,47213,mansion,15,0,,,14
2026-10-08,47213,other,146,1,63490000,346266,96
2026-10-08,47214,all,614,2,36100000,45431,592
2026-10-08,47214,commercial,1,0,,,1
2026-10-08,47214,house,134,0,40900000,491245,123
2026-10-08,47214,invest,39,1,120000000,435730,33
2026-10-08,47214,land,395,1,22000000,30435,395
2026-10-08,47214,other,55,0,115000000,435730,50
2026-10-08,47215,all,773,2,30800000,292109,757
2026-10-08,47215,commercial,1,0,,,1
2026-10-08,47215,house,369,1,31980000,327264,361
2026-10-08,47215,invest,21,0,,,17
2026-10-08,47215,land,361,1,17990000,45376,361
2026-10-08,47215,mansion,8,0,,,8
2026-10-08,47215,other,29,0,,,24
2026-10-08,47301,all,55,0,17850000,24772,52
2026-10-08,47301,commercial,1,0,,,0
2026-10-08,47301,house,4,0,,,4
2026-10-08,47301,invest,3,0,,,0
2026-10-08,47301,land,47,0,13625000,22068,47
2026-10-08,47301,other,9,0,,,2
2026-10-08,47302,all,58,0,25000000,7825,54
2026-10-08,47302,house,5,0,,,4
2026-10-08,47302,invest,1,0,,,1
2026-10-08,47302,land,49,0,14900000,2117,48
2026-10-08,47302,other,5,0,,,3
2026-10-08,47303,all,65,0,18000000,4578,60
2026-10-08,47303,house,8,0,,,7
2026-10-08,47303,invest,3,0,,,1
2026-10-08,47303,land,51,0,13000000,2090,50
2026-10-08,47303,other,5,0,,,4
2026-10-08,47306,all,486,1,32000000,40580,471
2026-10-08,47306,commercial,2,0,,,2
2026-10-08,47306,house,93,1,47800000,424975,91
2026-10-08,47306,invest,28,0,,,20
2026-10-08,47306,land,348,0,21130000,30178,348
2026-10-08,47306,mansion,1,0,,,1
2026-10-08,47306,other,35,0,,,25
2026-10-08,47308,all,536,0,34000000,45317,519
2026-10-08,47308,commercial,5,0,,,4
2026-10-08,47308,house,91,0,46650000,569584,85
2026-10-08,47308,invest,30,0,,,26
2026-10-08,47308,land,368,0,25530000,30248,368
2026-10-08,47308,mansion,21,0,,,20
2026-10-08,47308,other,44,0,67900000,564516,37
2026-10-08,47311,all,376,1,44800000,257107,350
2026-10-08,47311,commercial,4,0,,,3
2026-10-08,47311,house,74,0,80000000,644174,68
2026-10-08,47311,invest,49,0,64500000,514582,40
2026-10-08,47311,land,169,1,25130000,60492,169
2026-10-08,47311,mansion,47,0,44900000,682109,47
2026-10-08,47311,other,51,0,110000000,637731,38
2026-10-08,47313,all,81,0,32900000,54442,79
2026-10-08,47313,commercial,1,0,,,1
2026-10-08,47313,house,18,0,,,18
2026-10-08,47313,invest,5,0,,,4
2026-10-08,47313,land,53,0,27500000,45199,53
2026-10-08,47313,mansion,1,0,,,1
2026-10-08,47313,other,5,0,,,3
2026-10-08,47314,all,340,0,28800000,265511,319
2026-10-08,47314,commercial,1,0,,,1
2026-10-08,47314,house,188,0,28800000,269612,188
2026-10-08,47314,invest,37,0,,,22
2026-10-08,47314,land,91,0,19000000,46778,91
2026-10-08,47314,mansion,7,0,,,7
2026-10-08,47314,other,37,0,,,24
2026-10-08,47315,all,38,0,,,25
2026-10-08,47315,commercial,1,0,,,1
2026-10-08,47315,house,4,0,,,4
2026-10-08,47315,invest,10,0,,,2
2026-10-08,47315,land,20,0,,,20
2026-10-08,47315,other,6,0,,,1
2026-10-08,47324,all,566,2,39800000,381482,514
2026-10-08,47324,commercial,1,0,,,1
2026-10-08,47324,house,201,2,39800000,405985,195
2026-10-08,47324,invest,76,0,70000000,398692,44
2026-10-08,47324,land,247,0,21000000,100033,247
2026-10-08,47324,mansion,9,0,,,9
2026-10-08,47324,other,70,0,78800000,403831,41
2026-10-08,47325,all,183,0,28130000,91855,115
2026-10-08,47325,house,11,0,,,11
2026-10-08,47325,invest,53,0,,,10
2026-10-08,47325,land,86,0,24980000,88937,86
2026-10-08,47325,mansion,6,0,,,6
2026-10-08,47325,other,49,0,,,5
2026-10-08,47326,all,535,2,55000000,639159,453
2026-10-08,47326,house,53,1,72300000,600827,51
2026-10-08,47326,invest,75,0,105900000,531350,38
2026-10-08,47326,land,120,0,48280000,121627,120
2026-10-08,47326,mansion,228,1,53800000,832637,227
2026-10-08,47326,other,91,0,130000000,585533,33
2026-10-08,47327,all,183,0,49800000,307916,165
2026-10-08,47327,house,36,0,52000000,449438,32
2026-10-08,47327,invest,21,0,,,15
2026-10-08,47327,land,83,0,30500000,90800,83
2026-10-08,47327,mansion,37,0,67500000,707399,36
2026-10-08,47327,other,21,0,,,7
2026-10-08,47328,all,209,0,38390000,218797,204
2026-10-08,47328,commercial,3,0,,,3
2026-10-08,47328,house,58,0,51600000,457627,55
2026-10-08,47328,invest,10,0,,,9
2026-10-08,47328,land,112,0,22575000,57280,112
2026-10-08,47328,mansion,22,0,,,22
2026-10-08,47328,other,12,0,,,10
2026-10-08,47329,all,245,1,41800000,312406,241
2026-10-08,47329,commercial,1,0,,,1
2026-10-08,47329,house,60,0,39800000,369751,58
2026-10-08,47329,invest,15,0,,,14
2026-10-08,47329,land,136,1,28500000,75629,136
2026-10-08,47329,mansion,20,0,,,20
2026-10-08,47329,other,17,0,,,16
2026-10-08,47348,all,164,0,38200000,346725,160
2026-10-08,47348,commercial,4,0,,,4
2026-10-08,47348,house,56,0,41900000,430108,56
2026-10-08,47348,invest,8,0,,,5
2026-10-08,47348,land,60,0,23000000,89284,60
2026-10-08,47348,mansion,30,0,38800000,532243,30
2026-10-08,47348,other,12,0,,,11
2026-10-08,47350,all,245,0,47800000,467524,234
2026-10-08,47350,commercial,1,0,,,1
2026-10-08,47350,house,84,0,54800000,513602,84
2026-10-08,47350,invest,9,0,,,3
2026-10-08,47350,land,126,0,29800000,133625,126
2026-10-08,47350,mansion,21,0,,,21
2026-10-08,47350,other,9,0,,,3
2026-10-08,47353,all,2,0,,,2
2026-10-08,47353,house,2,0,,,2
2026-10-08,47354,all,5,0,,,4
2026-10-08,47354,house,3,0,,,2
2026-10-08,47354,land,2,0,,,2
2026-10-08,47355,all,4,0,,,4
2026-10-08,47355,land,4,0,,,4
2026-10-08,47359,all,4,0,,,4
2026-10-08,47359,land,2,0,,,2
2026-10-08,47359,other,2,0,,,2
2026-10-08,47360,all,3,0,,,3
2026-10-08,47360,land,3,0,,,3
2026-10-08,47361,all,25,0,,,25
2026-10-08,47361,house,2,0,,,2
2026-10-08,47361,invest,1,0,,,1
2026-10-08,47361,land,21,0,,,21
2026-10-08,47361,other,1,0,,,1
2026-10-08,47362,all,441,0,32900000,258932,428
2026-10-08,47362,house,174,0,36900000,378755,172
2026-10-08,47362,invest,13,0,,,7
2026-10-08,47362,land,239,0,18960000,54461,239
2026-10-08,47362,mansion,6,0,,,6
2026-10-08,47362,other,12,0,,,6
2026-10-08,47381,all,10,0,,,10
2026-10-08,47381,house,3,0,,,3
2026-10-08,47381,invest,1,0,,,1
2026-10-08,47381,land,5,0,,,5
2026-10-08,47381,other,2,0,,,2
2026-10-08,47382,all,1,0,,,1
2026-10-08,47382,land,1,0,,,1
